add	byteArray	0x0000000000000000000000000000000000000000000000000000000000000000	byteArray	0x0000000000000000000000000000000000000000000000000000000000000000
add	byteArray	0x0000000000000000000000000000000000000000000000000000000000000000	byteArray	0x0000000000000000000000000000000000000000000000000000000000000001
add	byteArray	0xffffffffffffffffffffffffffffffffffffffffffffffffffffffffffffffff	byteArray	0x0000000000000000000000000000000000000000000000000000000000000002
add	byteArray	0x0000000000000000000000000000000000000000000000000000000000000001	byteArray	0x0000000000000000000000000000000000000000000000000000000000000000
add	byteArray	0x0000000000000000000000000000000000000000000000000000000000000002	byteArray	0xffffffffffffffffffffffffffffffffffffffffffffffffffffffffffffffff

mul	byteArray	0x0000000000000000000000000000000000000000000000000000000000000000	byteArray	0x0000000000000000000000000000000000000000000000000000000000000000
mul	byteArray	0x0000000000000000000000000000000000000000000000000000000000000000	byteArray	0x0000000000000000000000000000000000000000000000000000000000000001
mul	byteArray	0xffffffffffffffffffffffffffffffffffffffffffffffffffffffffffffffff	byteArray	0x0000000000000000000000000000000000000000000000000000000000000002
mul	byteArray	0x0000000000000000000000000000000000000000000000000000000000000003	byteArray	0x0000000000000000000000000000000000000000000000000000000000000003
mul	byteArray	0x0000000000000000000000000000000000000000000000000000000000000001	byteArray	0x0000000000000000000000000000000000000000000000000000000000000000
mul	byteArray	0x0000000000000000000000000000000000000000000000000000000000000002	byteArray	0xffffffffffffffffffffffffffffffffffffffffffffffffffffffffffffffff

sub	byteArray	0x0000000000000000000000000000000000000000000000000000000000000000	byteArray	0x0000000000000000000000000000000000000000000000000000000000000000
sub	byteArray	0x0000000000000000000000000000000000000000000000000000000000000001	byteArray	0x0000000000000000000000000000000000000000000000000000000000000000
sub	byteArray	0x0000000000000000000000000000000000000000000000000000000000000002	byteArray	0xffffffffffffffffffffffffffffffffffffffffffffffffffffffffffffffff
sub	byteArray	0x0000000000000000000000000000000000000000000000000000000000000000	byteArray	0x0000000000000000000000000000000000000000000000000000000000000001
sub	byteArray	0xffffffffffffffffffffffffffffffffffffffffffffffffffffffffffffffff	byteArray	0x0000000000000000000000000000000000000000000000000000000000000002

div	byteArray	0x0000000000000000000000000000000000000000000000000000000000000000	byteArray	0x0000000000000000000000000000000000000000000000000000000000000000
div	byteArray	0x0000000000000000000000000000000000000000000000000000000000000002	byteArray	0x0000000000000000000000000000000000000000000000000000000000000001
div	byteArray	0x0000000000000000000000000000000000000000000000000000000000000009	byteArray	0x0000000000000000000000000000000000000000000000000000000000000002
div	byteArray	0x0000000000000000000000000000000000000000000000000000000000000000	byteArray	0x0000000000000000000000000000000000000000000000000000000000000001
div	byteArray	0xffffffffffffffffffffffffffffffffffffffffffffffffffffffffffffffff	byteArray	0x0000000000000000000000000000000000000000000000000000000000000002

sdiv	byteArray	0x0000000000000000000000000000000000000000000000000000000000000000	byteArray	0x0000000000000000000000000000000000000000000000000000000000000000
sdiv	byteArray	0x0000000000000000000000000000000000000000000000000000000000000002	byteArray	0x0000000000000000000000000000000000000000000000000000000000000001
sdiv	byteArray	0x0000000000000000000000000000000000000000000000000000000000000009	byteArray	0x0000000000000000000000000000000000000000000000000000000000000002
sdiv	byteArray	0x0000000000000000000000000000000000000000000000000000000000000000	byteArray	0x0000000000000000000000000000000000000000000000000000000000000001
sdiv	byteArray	0xffffffffffffffffffffffffffffffffffffffffffffffffffffffffffffffff	byteArray	0x0000000000000000000000000000000000000000000000000000000000000002